{"ROM Type": "lsrom", "AbAd": {"Abduction": 185.95208129547785, "Adduction": -46.5516269040001}, "Rot": {"Internal Rotation": -39.408905666569865, "External Rotation": 95.61529545999144}, "Flex": {"Flexion": 185.266911702225, "Extension": -62.14182550300015}}