{"ROM Type": "test1", "AbAd": {"Abduction": 145.2262025309114, "Adduction": 229.5995333141968}, "Rot": {"Internal Rotation": -0.0, "External Rotation": -0.0}, "Flex": {"Flexion": 130.14734194416073, "Extension": 130.34054765505243}}