{"ROM Type": "test", "AbAd": {"Abduction": 185.8689963672641, "Adduction": -50.62965349587711}, "Rot": {"Internal Rotation": -106.95054199658101, "External Rotation": 88.50408176590248}, "Flex": {"Flexion": 186.18485514794008, "Extension": -75.44965000420001}}