{"ROM Type": "test", "AbAd": {"Abduction": -13.636061418492787, "Adduction": -21.62734957964105}, "Rot": {"Internal Rotation": -83.75788002856493, "External Rotation": -0.0}, "Flex": {"Flexion": 119.95235036320452, "Extension": 120.70846324299677}}