{"ROM Type": "rsrom", "AbAd": {"Abduction": 180.05036138205685, "Adduction": -39.70085295192459}, "Rot": {"Internal Rotation": -46.90411298910738, "External Rotation": 100.15044873416959}, "Flex": {"Flexion": 178.78147876468253, "Extension": -47.52141455099343}}