{"X": [263.675, 265.701, 252.34, 237.108, 271.349, 282.782], "Y": [202.694, 204.664, 208.452, 208.417, 206.461, 204.572], "Confidence": [0.86359, 0.924656, 0.884259, 0.884141, 0.877048, 0.913787]}