{"X": [290.399, 296.236, 282.878, 269.434, 303.752, 313.272], "Y": [174.015, 176.008, 179.791, 176.096, 176.055, 176.014], "Confidence": [0.868139, 0.916124, 0.849649, 0.870662, 0.878544, 0.931517]}