{"X": [271.355, 271.38, 267.572, 267.543, 280.952, 278.94], "Y": [330.52, 339.982, 341.938, 341.982, 343.787, 341.92], "Confidence": [0.701468, 0.683503, 0.61295, 0.748657, 0.746768, 0.729021]}