{"X": [235.085, 237.132, 225.631, 212.2, 246.583, 256.117], "Y": [174.045, 175.963, 181.736, 187.417, 176.001, 173.995], "Confidence": [0.928784, 0.919063, 0.821431, 0.859745, 0.904896, 0.874046]}