{"X": [326.584, 339.993, 328.533, 315.216, 343.775, 345.721], "Y": [183.58, 187.42, 189.255, 183.58, 187.414, 189.345], "Confidence": [0.772731, 0.765451, 0.81054, 0.692244, 0.795892, 0.756708]}