{"X": [195.064, 196.975, 191.188, 187.361, 206.434, 210.337], "Y": [174.115, 176.082, 187.403, 191.25, 179.794, 172.118], "Confidence": [0.749801, 0.738917, 0.65742, 0.419106, 0.729597, 0.677403]}