{"X": [145.459, 145.447, 143.548, 145.428, 149.259, 147.364], "Y": [330.517, 332.392, 341.908, 341.902, 332.401, 332.393], "Confidence": [0.610056, 0.552886, 0.554899, 0.576542, 0.53278, 0.553653]}