{"X": [401.023, 397.269, 389.606, 391.507, 414.418, 404.894], "Y": [328.644, 338.108, 341.924, 339.985, 349.558, 343.868], "Confidence": [0.588421, 0.461937, 0.293063, 0.532912, 0.525599, 0.53306]}