{"X": [567.004, 0, 0, 0, 525.043, 494.526], "Y": [439.216, 0, 0, 0, 463.944, 462.082], "Confidence": [0.64269, 0, 0, 0, 0.281996, 0.141907]}