{"ROM Type": "lsrom", "AbAd": {"Abduction": 186.15341309151043, "Adduction": -45.53592746758804}, "Rot": {"Internal Rotation": -42.43403094614173, "External Rotation": 94.27637498895902}, "Flex": {"Flexion": 185.0360885769744, "Extension": -61.86335123260582}}