{"ROM Type": "lsrom", "AbAd": {"Abduction": 51.1588403525512, "Adduction": 62.376355870806584}, "Rot": {"Internal Rotation": -22.94577839770427, "External Rotation": -21.619288025573468}, "Flex": {"Flexion": 236.55925645740973, "Extension": 243.00642361920953}}