{"X": [247.645, 267.426, 260.667, 260.534, 330.196, 312.647], "Y": [170.271, 139.012, 128.365, 138.044, 181.779, 120.939], "Confidence": [0.92257, 0.860794, 0.938734, 0.889972, 0.934555, 0.883195]}