{"X": [236.255, 258.751, 250.009, 248.823, 0, 0], "Y": [158.923, 128.822, 119.181, 126.429, 0, 0], "Confidence": [0.925602, 0.9039, 0.917042, 0.965032, 0, 0]}