{"X": [260.82, 279.381, 272.791, 270.661, 341.07, 322.035], "Y": [158.897, 128.762, 117.67, 126.35, 169.051, 111.436], "Confidence": [0.935884, 0.973755, 0.909732, 0.898125, 0.877062, 0.876356]}