{"X": [224.98, 246.8, 237.95, 235.446, 0, 0], "Y": [168.365, 139.008, 126.764, 131.434, 0, 0], "Confidence": [0.782422, 0.826584, 0.821206, 0.865531, 0, 0]}