{"X": [277.787, 296.44, 288.137, 287.517, 359.517, 347.427], "Y": [160.892, 130.581, 125.261, 128.089, 170.828, 119.297], "Confidence": [0.895671, 0.925956, 0.872904, 0.973941, 0.70302, 0.939454]}