{"X": [247.683, 265.531, 262.152, 262.225, 370.446, 364.884], "Y": [225, 197.163, 187.65, 195.138, 234.926, 182.751], "Confidence": [0.85048, 0.892438, 0.877653, 0.893053, 0.55875, 0.684557]}