{"X": [287.237, 294.686, 288.07, 300.807, 374.076, 379.151], "Y": [402.283, 380.238, 385.459, 384.809, 416.176, 374.421], "Confidence": [0.54207, 0.557181, 0.428043, 0.57288, 0.55093, 0.382149]}