{"X": [202.272, 212.691, 213.48, 213.634, 366.766, 358.58], "Y": [238.193, 198.869, 189.236, 205.234, 242.212, 182.655], "Confidence": [0.823633, 0.862997, 0.857766, 0.785208, 0.323723, 0.483424]}