{"X": [189.069, 198.954, 196.746, 206.812, 374.114, 0], "Y": [322.982, 279.32, 271.353, 280.765, 183.617, 0], "Confidence": [0.882707, 0.767683, 0.765939, 0.764273, 0.0702508, 0]}