{"X": [175.945, 197.16, 177.065, 193.51, 0, 0], "Y": [400.356, 310.089, 348.993, 367.946, 0, 0], "Confidence": [0.878338, 0.160422, 0.842449, 0.884827, 0, 0]}