{"X": [294.731, 313.515, 309.426, 309.233, 372.337, 372.811], "Y": [208, 195.454, 181.583, 183.462, 225.701, 184.324], "Confidence": [0.750219, 0.750476, 0.674147, 0.722331, 0.68267, 0.763175]}