{"X": [289.078, 262.164, 300.263, 300.841, 377.78, 455.188], "Y": [113.767, 265.595, 198.323, 195.188, 128.669, 233.376], "Confidence": [0.813681, 0.874956, 0.805909, 0.802188, 0.703729, 0.834572]}