{"X": [277.815, 185.241, 309.389, 235.496, 388.714, 537.501], "Y": [45.7498, 316.962, 105.504, 248.88, 48.0469, 271.369], "Confidence": [0.859314, 0.855624, 0.85427, 0.83897, 0.850668, 0.842961]}