{"X": [249.536, 257.1, 250.055, 262.212, 372.205, 372.839], "Y": [404.147, 378.509, 371.759, 383.112, 410.737, 372.78], "Confidence": [0.585503, 0.588594, 0.522722, 0.678145, 0.477408, 0.362213]}