{"X": [217.366, 224.509, 212.015, 223.694, 361.296, 361.703], "Y": [404.149, 376.781, 367.191, 381.371, 405.267, 369.649], "Confidence": [0.584621, 0.602669, 0.490179, 0.607116, 0.328652, 0.253389]}